Genotype,DH_Dharwad,DH_IARI-DELHI,DH_IARI-Jharkhand,DH_KARNAL,DH_Pooled,GFD_Dharwad,GFD_IARI-Delhi,GFD_IARI-Jharkhand,GFD_Karnal,GFD_Pooled,GNPS_Dharwad,GNPS_IARI-Jharkhand,GNPS_Pooled,GWPS_Dharwad,GWPS_IARI-Delhi,GWPS_IARI-Jharkhand,GWPS_Karnal,GWPS_Ludhiana,GWPS_Pooled,PH_Dharwad,PH_IARI-Delhi,PH_IARI-Jharkhand,PH_Karnal,PH_Ludhiana,PH_Pooled,GY_Dharwad,GY_IARI-Delhi,GY_IARI-JKD,GY_Karnal,GY_Ludhiana,GY_Pooled
AAI-W22,62.843,97.468,88.419,98.679,86.794,44.283,44.827,31.243,40.735,42.897,81.659,71.609,77.681,3.032,3.835,2.65,3.202,1.223,2.88,65.084,89.657,91.142,104.939,103.318,89.721,185.59,319.822,205.13,500.739,414.035,314.458
AAI-W29,60.066,105.083,87.388,95.276,87.275,44.283,44.827,32.92,42.738,43.136,36.144,70.682,54.635,1.895,2.595,2.524,3.667,1.295,2.487,87.028,104.552,105.472,118.113,109.544,105.657,340.663,387.69,239.604,506.012,426.714,377.428
AKAW5080,55.096,96.634,79.6,89.991,80.225,44.283,44.827,37.318,45.636,44.57,44.869,49.017,47.878,1.64,1.256,2.262,2.397,2.263,1.955,77.823,104.552,94.379,109.194,107.107,98.548,238.635,376.34,246.852,479.973,580.827,381.368
AKAW5088,54.56,89.019,84.524,88.99,78.53,44.283,44.827,31.792,47.256,45.047,38.133,48.72,44.282,1.789,1.704,2.382,2.906,1.707,2.144,80.731,111.612,100.65,112.074,117.128,104.708,256.817,419.135,255.861,555.774,487.549,392.886
AKAW5099,54.268,85.369,81.547,86.468,76.579,44.283,44.827,29.071,47.809,45.286,64.838,47.322,56.952,3.019,1.651,2.406,3.422,2.007,2.559,72.301,102.723,93.587,103.843,99.796,93.936,369.539,392.419,256.515,551.579,527.685,423.772
BCW5,61.186,104.039,89.392,98.679,88.253,44.283,44.827,32.892,39.286,42.42,51.123,58.516,55.769,2.273,2.009,2.351,2.718,1.859,2.274,79.811,100.634,90.35,111.182,102.505,96.062,309.756,557.227,285.655,577.67,515.006,450.299
BRW3863,55.388,93.713,84.524,95.156,81.69,44.283,44.827,33.442,41.46,43.136,60.914,62.472,62.671,2.684,1.974,2.058,3.108,2.172,2.421,80.731,109.782,104.612,123.667,114.691,107.206,430.072,433.322,255.861,511.982,590.291,437.353
BRW3869,60.358,97.468,88.419,95.156,85.093,44.283,44.827,26.844,42.184,42.897,27.858,58.61,44.234,1.424,2.306,2.37,3.548,2.314,2.467,77.97,100.634,103.027,121.884,104.942,101.634,232.754,433.322,268.745,561.1,631.92,426.283
BRW3877,59.238,94.756,86.415,96.157,84.358,44.283,44.827,28.521,41.289,42.897,57.762,46.851,53.187,2.517,0.276,2.381,3.559,1.959,2.2,73.221,107.297,104.679,120.788,107.919,103.351,322.375,458.628,283.893,643.305,520.599,461.672
CG1029,56.753,100.389,80.573,89.11,81.684,44.283,44.827,36.219,48.533,45.047,24.899,44.025,35.377,1.402,2.946,2.368,2.642,1.352,2.167,71.38,94.49,92.794,102.06,103.045,92.207,435.953,429.307,271.009,532.642,448.857,424.71
CG1034,62.551,100.389,84.467,101.442,87.761,44.283,44.827,27.971,36.942,41.464,52.721,54.104,54.394,2.517,0.276,2.48,3.278,2.348,2.233,75.062,107.297,93.587,120.788,107.919,101.046,379.164,458.628,262.957,497.727,598.542,438.219
CG1035,59.238,96.634,86.415,97.919,85.33,44.283,44.827,34.019,40.564,42.42,61.058,46.38,54.587,3.403,1.247,2.269,2.195,1.978,2.2,85.187,101.808,93.587,111.87,103.857,99.124,549.531,520.107,271.009,581.76,509.085,493.193
CG1036,56.753,87.246,85.441,89.11,79.496,44.283,44.827,32.92,47.084,44.57,39.731,52.22,46.961,1.63,1.202,2.431,2.563,1.712,1.928,61.255,84.427,90.417,100.276,96.546,85.482,251.148,420.794,246.852,509.562,444.428,373.113
CG1037,60.066,93.818,86.415,95.276,84.115,44.283,44.827,31.82,42.013,42.897,22.185,56.082,40.204,0.991,1.516,2.456,2.585,2.538,2.035,75.062,107.297,101.51,114.545,108.732,101.814,260.773,515.378,265.372,549.804,642.827,452.853
DBW107,62.551,96.634,88.362,96.157,86.302,44.283,44.827,29.62,41.289,43.136,57.083,70.87,65.157,2.105,0.276,2.711,2.946,2.016,2.071,69.539,104.552,99.133,109.194,107.919,98.164,266.548,496.461,248.462,510.746,513.513,406.51
DBW110,62.551,97.573,90.309,95.276,86.789,44.283,44.827,35.669,42.738,43.375,43.996,60.697,53.428,2.014,1.561,2.667,3.104,2.026,2.342,78.744,104.552,94.379,111.87,104.67,98.74,402.264,553.211,287.919,598.33,553.37,489.628
DBW173,59.53,101.223,89.392,97.799,86.794,44.283,44.827,31.243,40.011,42.42,65.664,51.545,59.437,2.456,2.054,2.5,2.848,1.868,2.398,71.527,103.379,100.65,118.317,109.817,100.673,304.944,561.01,287.266,664.662,518.549,478.818
DBW187,58.888,93.301,85.994,92.009,82.464,44.472,44.857,31.595,44.484,44.362,34.809,55.207,45.776,2.196,1.907,2.879,3.148,1.98,2.475,73.186,102.802,98.455,110.919,107.547,98.719,326.703,484.859,258.114,598.878,594.801,461.657
DBW290,57.581,89.124,84.467,93.515,81.198,44.283,44.827,36.219,43.462,43.375,49.522,55.234,53.38,2.709,2.362,2.829,3.335,2.339,2.806,75.062,103.637,103.095,117.221,107.107,101.622,223.234,340.398,204.173,545.069,613.599,388.873
DBW291,57.045,91.835,80.63,88.99,79.016,44.283,44.827,31.792,46.531,44.331,32.705,68.689,51.811,1.743,2.711,2.824,2.804,1.659,2.432,79.811,95.146,104.612,118.317,104.942,100.481,340.557,419.135,233.314,563.467,462.749,401.141
DBW296,60.066,99.45,88.362,97.038,86.546,44.283,44.827,31.27,41.289,42.897,43.221,53.915,49.567,1.594,1.975,2.617,2.556,1.788,2.144,64.017,105.467,95.171,106.519,103.857,94.705,190.508,453.899,234.773,505.42,497.571,374.989
DBW303,55.925,91.94,82.52,90.872,80.225,44.283,44.827,31.27,43.462,43.375,51.751,70.211,62.164,3.229,2.083,2.792,2.729,2.51,2.722,72.301,107.297,95.171,114.545,106.294,99.124,469.641,529.565,294.361,601.88,662.313,523.776
DBW306,58.701,86.203,84.524,95.156,80.717,44.283,44.827,30.143,41.46,42.659,61.108,52.016,57.41,3.004,2.504,2.818,3.137,2.333,2.851,66.925,98.805,95.104,108.507,110.629,95.485,295.318,404.947,251.835,561.1,645.205,431.724
DBW307,55.925,88.185,83.494,94.395,80.469,44.283,44.827,31.27,42.738,43.614,50.2,47.51,49.76,2.307,2.056,2.518,3.054,2.272,2.49,79.664,103.637,93.587,117.221,106.294,100.085,370.501,411.336,224.305,589.453,585.256,444.41
DBW308,60.358,101.223,89.392,95.156,86.308,44.283,44.827,31.243,42.909,43.136,44.919,43.727,45.103,2.301,2.405,2.289,2.79,2.248,2.434,77.049,103.379,96.689,115.641,103.318,98.752,376.171,508.989,226.067,581.221,618.634,462.87
DBW309,55.388,97.468,85.498,95.156,82.905,44.283,44.827,31.792,43.633,43.853,46.276,52.016,50.026,2.228,1.992,2.55,3.122,1.707,2.392,72.447,103.379,95.104,111.182,104.13,96.638,287.618,485.343,279.213,585.955,479.577,425.345
DBW310,61.722,102.266,91.283,104.085,90.435,44.283,44.827,29.62,35.493,40.986,21.894,69.458,46.913,0.644,1.759,2.181,2.996,1.855,1.908,71.38,101.808,98.341,117.221,105.482,98.932,235.747,529.565,279.062,609.573,475.428,437.468
DBW311,60.894,100.389,84.467,93.515,85.087,44.283,44.827,33.469,44.187,43.614,25.481,33.852,30.454,0.808,1.867,2.163,2.397,1.741,1.785,62.176,100.893,92.794,103.843,103.045,92.015,208.796,553.211,256.515,481.749,450.628,385.871
DBW312,61.722,103.205,92.256,103.204,90.678,44.283,44.827,35.119,36.942,41.225,66.486,52.503,60.427,2.343,2.263,2.163,2.902,1.836,2.314,71.38,99.978,84.871,104.735,99.796,91.247,248.26,676.17,279.867,602.472,505.542,473.305
DBW313,62.551,97.573,88.362,98.8,87.275,44.283,44.827,32.37,39.115,42.42,52.042,55.423,54.732,2.087,2.191,2.206,2.83,2.291,2.331,67.698,89.001,100.718,106.519,102.233,92.976,341.625,439.711,237.994,537.968,598.542,434.091
DBW314,62.551,102.266,86.415,101.442,88.733,44.283,44.827,29.071,36.942,41.703,65.42,55.611,61.489,2.663,2.631,2.206,3.444,2.614,2.75,73.221,107.297,95.171,112.762,105.482,98.74,460.016,487.003,236.383,529.683,667.627,478.183
DBW315,62.014,104.039,89.392,100.441,88.982,44.283,44.827,26.844,37.113,41.464,60.817,79.71,71.455,2.575,2.144,2.239,3.245,1.337,2.362,73.368,103.379,95.896,124.559,110.629,101.442,400.234,674.51,290.487,550.448,527.406,486.323
DBW316,61.722,91.94,88.362,94.395,84.358,44.283,44.827,29.071,42.738,43.614,31.976,58.154,46.14,1.658,1.786,2.331,2.57,2.453,2.166,78.744,100.893,97.548,111.87,105.482,98.932,294.461,553.211,295.167,572.883,618.027,475.931
DBW317,62.843,91.835,89.392,96.037,84.85,44.283,44.827,31.792,40.735,42.42,45.501,57.197,52.294,2.228,1.911,2.488,3.086,1.925,2.391,83.493,104.293,101.443,110.29,104.13,100.481,295.318,466.427,265.524,530.328,529.177,412.774
DBW318,62.843,96.529,89.392,93.394,85.336,44.283,44.827,31.243,43.633,43.853,30.475,56.726,44.572,1.286,1.794,2.812,3.404,1.84,2.338,68.766,109.782,104.612,104.048,102.505,97.599,255.855,480.614,262.303,475.292,535.377,391.009
DBW319,57.581,94.756,86.415,94.395,83.385,44.283,44.827,29.62,42.738,43.614,43.318,57.683,51.546,2.261,2.128,2.593,3.27,1.38,2.401,82.426,113.7,102.302,117.221,106.294,104.888,351.25,524.836,307.245,652.773,358.514,454.542
DBW320,53.44,95.695,83.494,94.395,81.684,44.283,44.827,35.119,42.738,43.614,49.037,45.909,48.361,2.206,1.822,2.748,2.917,1.731,2.352,72.301,102.723,92.002,108.303,100.608,94.705,359.913,619.42,295.167,623.776,538.313,501.073
DBW321,62.551,95.695,87.388,98.8,86.546,44.283,44.827,29.071,39.115,42.659,66.002,50.336,59.075,2.316,2.164,2.387,2.917,2.481,2.481,73.221,102.723,88.833,117.221,106.294,97.395,425.365,539.024,290.335,543.294,633.084,491.317
DBW322,61.722,85.369,83.494,92.634,80.955,44.283,44.827,30.17,43.462,43.614,37.501,53.068,46.285,1.959,1.912,2.262,2.946,2.775,2.387,68.619,97.234,90.417,110.978,102.233,93.36,220.347,373.503,238.799,478.79,618.913,383.057
DBW323,61.186,101.223,93.286,101.322,89.225,44.283,44.827,27.943,37.113,41.703,49.669,52.016,51.715,2.072,2.207,2.251,2.956,1.783,2.291,78.89,114.356,100.65,120.992,110.629,105.285,488.787,584.656,321.891,603.709,564.606,517.844
DBW324,59.53,104.039,93.286,102.203,89.711,44.283,44.827,29.043,36.388,40.986,49.669,52.958,52.198,1.999,2.324,2.345,3.324,2.077,2.476,80.731,118.93,96.689,121.884,112.254,106.245,484.936,423.864,268.745,514.941,536.263,438.666
DBW326,56.753,91.001,87.388,94.395,82.413,44.283,44.827,31.82,42.738,43.136,56.308,56.364,57.338,2.663,2.074,2.705,2.613,1.836,2.425,72.301,98.149,104.679,110.086,107.919,98.932,474.454,520.107,300.803,607.798,475.428,486.626
DBW327,60.894,96.634,85.441,93.515,84.358,44.283,44.827,32.37,42.738,43.136,49.619,59.096,55.407,2.635,2.415,2.574,2.888,2.301,2.608,72.301,97.234,92.002,107.411,103.045,93.936,530.281,496.461,299.193,545.069,588.799,496.57
DBW328,60.066,93.818,84.467,94.395,83.385,44.283,44.827,29.62,42.013,42.897,48.843,56.741,53.815,2.297,2.074,2.742,3.104,2.434,2.601,73.221,99.978,98.341,113.653,111.169,99.508,578.407,614.69,307.245,658.691,618.027,573.497
DBW329,60.066,96.634,87.388,95.276,85.087,44.283,44.827,30.17,42.013,42.897,55.532,60.98,59.317,2.352,1.912,2.673,2.57,2.386,2.416,75.982,99.978,94.379,111.87,104.67,97.203,341.625,416.065,256.515,543.294,608.284,437.468
DBW330,60.358,97.468,88.419,96.037,85.336,44.283,44.827,27.943,41.46,43.136,50.638,39.677,45.875,2.447,1.794,2.332,3.266,1.574,2.343,80.731,117.1,112.536,114.749,111.441,107.974,509,579.927,330.749,643.358,443.263,509.776
DBW331,62.551,94.756,87.388,99.68,86.546,44.283,44.827,26.871,38.391,42.181,48.552,57.212,53.911,1.968,1.912,2.399,3.451,2.158,2.438,81.505,102.723,107.849,117.221,107.919,104.12,549.531,520.107,287.919,639.163,549.828,523.964
DBW332,62.551,96.634,86.415,95.276,85.573,44.283,44.827,27.971,42.013,43.375,46.517,62.393,55.552,2.27,2.164,2.81,3.242,2.348,2.652,81.505,97.234,99.133,102.06,101.42,96.05,344.513,505.919,295.167,632.061,601.199,491.504
DBW334,60.358,94.651,86.471,95.156,83.878,44.283,44.827,31.243,42.909,43.136,53.159,58.61,56.831,2.812,2.54,2.637,3.259,1.944,2.724,67.845,107.953,99.858,113.857,100.881,97.599,385.796,494.802,278.408,640.399,547.777,477.88
DBW335,54.268,91.001,78.626,94.395,79.496,44.283,44.827,35.119,43.462,43.853,42.542,51.749,48.119,1.731,1.39,2.337,2.722,2.88,2.222,74.142,101.808,91.21,102.952,101.42,93.744,211.684,449.169,221.084,482.34,641.941,398.254
DBW39,61.722,96.634,95.177,101.442,89.219,44.283,44.827,26.871,36.942,41.703,62.803,67.103,66.074,2.663,2.146,2.418,3.494,1.912,2.592,88.869,110.956,103.887,119.004,111.169,107.578,308.899,491.732,249.267,503.645,486.942,406.135
DBW88,67.52,103.205,89.335,101.442,91.164,44.283,44.827,30.72,39.115,42.659,31.394,60.038,46.816,1.283,2.487,2.91,3.516,2.643,2.675,71.38,100.893,97.548,105.627,104.67,95.858,276.173,482.274,284.698,624.96,669.398,483.249
GW322,60.066,98.511,81.547,93.515,83.629,44.283,44.827,30.72,42.738,43.614,46.226,57.683,52.994,1.987,1.633,2.437,2.563,1.617,2.069,74.142,94.49,92.794,105.627,98.171,92.399,372.426,468.086,315.298,625.552,466.571,463.548
GW513,55.096,89.124,77.652,86.468,76.822,44.283,44.827,35.669,49.258,45.764,47.583,56.741,53.187,2.16,1.768,2.555,3.473,1.921,2.452,74.142,102.723,95.964,109.194,103.045,96.819,434.99,335.669,254.099,474.647,487.828,391.875
GW519,55.096,100.389,84.467,97.038,84.358,44.283,44.827,35.669,42.013,43.375,43.609,49.112,47.299,2.142,1.57,2.256,2.707,1.541,2.057,74.142,89.916,94.379,105.627,104.67,93.36,289.649,330.94,254.904,448.017,402.8,336.338
GW521,56.753,90.063,79.6,92.634,79.739,44.283,44.827,32.92,44.187,44.092,49.328,51.09,51.16,2.288,1.93,2.375,2.931,2.244,2.383,61.255,90.831,95.171,104.735,95.734,88.749,219.384,359.315,238.799,562.231,580.827,398.442
GW522,56.753,95.695,81.547,85.587,79.739,44.283,44.827,31.82,48.533,44.808,33.43,54.198,44.837,1.484,1.768,2.231,2.888,2.272,2.144,61.255,94.49,81.701,95.817,97.359,84.714,232.86,340.398,223.499,526.724,585.256,383.432
GW523,57.581,89.124,79.6,89.991,79.01,44.283,44.827,30.72,44.187,43.614,44.19,41.67,43.776,1.859,1.84,2.238,3.162,1.627,2.18,64.937,86.257,88.833,99.384,98.171,86.443,273.286,345.128,242.825,538.56,439.114,369.548
GW525,60.894,93.818,86.415,95.276,84.358,44.283,44.827,34.569,42.013,43.375,55.144,58.625,57.917,2.562,2.631,2.686,3.509,1.893,2.748,77.823,113.7,100.718,122.572,106.294,104.696,192.433,420.794,243.631,513.705,494.914,372.925
GW527,56.217,82.448,78.683,89.871,76.099,44.283,44.827,37.291,42.909,43.136,44.337,32.612,39.118,1.944,0.868,2.021,2.48,1.897,1.83,64.163,86.913,87.973,100.48,94.382,85.11,257.78,371.843,234.119,507.248,523.863,370.933
GW528,55.925,100.389,87.388,94.395,84.601,44.283,44.827,28.521,42.738,43.136,44.675,58.248,52.511,2.133,1.948,2.543,3.083,2.263,2.447,84.266,98.149,102.302,110.086,104.67,100.085,348.363,524.836,279.062,588.861,579.942,474.055
HD2864,54.268,102.266,77.652,88.229,80.469,44.283,44.827,38.418,49.258,45.286,40.894,54.198,48.554,1.64,2.406,2.2,2.664,1.541,2.098,63.096,90.831,84.871,101.168,97.359,86.251,282.911,368.773,215.447,533.825,397.485,359.416
HD2932,56.753,102.266,84.467,95.276,84.844,44.283,44.827,32.92,43.462,43.853,42.736,47.793,46.189,1.968,2.254,2.244,2.917,1.589,2.218,65.858,95.405,95.964,106.519,102.233,92.784,308.899,520.107,224.305,629.102,429.371,433.528
HD2967,69.177,106.96,89.335,109.37,94.81,44.283,44.827,36.769,33.319,40.27,50.104,50.807,51.401,1.63,1.939,2.25,2.758,2.282,2.182,75.062,109.126,93.587,117.221,109.544,101.046,214.572,544.699,274.23,538.56,577.285,434.279
HD3043,62.551,100.389,91.283,98.8,88.733,44.283,44.827,30.72,39.84,42.181,58.537,57.872,59.22,2.316,2.164,2.15,3.256,2.301,2.463,83.346,118.274,102.302,116.329,112.793,107.386,283.874,520.107,244.436,575.25,583.484,448.913
HD3090,60.894,91.94,84.467,95.276,83.385,44.283,44.827,27.971,42.738,43.614,64.547,53.444,59.944,2.489,1.993,2.418,2.953,2.111,2.429,68.619,101.808,109.433,109.194,107.919,99.893,383.976,491.732,259.736,515.48,538.313,437.843
HD3249,56.753,93.818,85.441,95.276,82.899,44.283,44.827,26.871,42.738,43.136,64.063,50.43,58.158,2.59,2.137,2.867,3.083,2.405,2.697,75.062,102.723,107.849,111.87,104.67,100.853,267.511,557.94,279.867,632.061,614.484,486.063
HD3293,61.722,92.879,87.388,93.515,84.115,44.283,44.827,32.92,43.462,43.375,31.976,56.835,45.465,1.493,3.171,2.873,2.715,1.912,2.503,71.38,109.126,106.264,119.004,110.356,103.928,324.3,397.148,262.957,540.927,486.942,405.384
HD3298,59.238,91.94,88.362,97.038,84.358,44.283,44.827,31.82,40.564,42.42,52.333,51.09,52.656,2.626,1.966,2.561,2.686,1.76,2.358,75.062,90.831,98.341,110.086,99.796,94.513,483.117,397.148,227.526,506.012,447.085,408.574
HD3331,60.066,99.45,88.362,97.919,86.789,44.283,44.827,31.27,40.564,42.897,45.935,63.9,56.035,1.429,0.276,2.705,3.184,1.855,1.964,69.539,100.893,100.718,114.545,111.169,99.701,237.672,458.628,278.256,611.941,473.657,423.959
HD3332,59.238,92.879,86.415,88.229,81.684,44.283,44.827,30.72,47.809,45.286,39.537,45.061,43.196,2.051,0.276,2.356,3.487,1.712,2.035,76.903,102.723,101.51,119.896,106.294,101.814,385.901,524.836,217.863,650.998,525.913,475.369
HD3334,60.894,86.308,88.362,97.038,83.385,44.283,44.827,30.72,40.564,42.897,26.547,54.857,41.748,0.863,2.577,2.754,2.982,1.845,2.278,68.619,104.552,95.964,111.87,108.732,97.971,207.834,491.732,254.904,641.53,470.114,427.899
HD3348,62.551,99.45,91.283,102.323,89.463,44.283,44.827,34.569,37.666,41.942,38.859,51.561,46.189,1.767,2.263,2.318,2.83,2.329,2.322,73.221,105.467,95.171,109.194,104.67,97.395,224.197,453.899,221.889,609.573,587.913,430.714
HD3349,55.925,86.308,83.494,92.634,79.496,44.283,44.827,36.219,44.187,43.614,44.675,50.148,48.361,1.978,2.119,2.642,3.003,2.073,2.423,73.221,100.893,91.21,112.762,107.919,97.011,293.499,302.565,223.499,535.009,526.799,377.991
HD3350,63.379,85.369,83.494,90.872,80.955,44.283,44.827,30.17,45.636,44.092,44.675,57.683,52.222,1.804,1.813,2.549,2.78,2.092,2.247,65.858,97.234,96.756,108.303,104.67,94.321,188.583,354.586,220.278,570.516,535.656,380.242
HD3351,60.066,96.634,87.388,96.157,85.33,44.283,44.827,32.92,42.738,43.136,46.226,43.648,45.803,2.023,2.64,2.362,3.198,2.016,2.494,68.619,102.723,97.548,113.653,105.482,97.587,218.422,449.169,244.436,556.313,521.485,402.945
HD3352,59.238,103.205,91.283,101.442,89.219,44.283,44.827,31.27,38.391,42.181,66.68,61.451,65.109,2.663,2.227,2.518,2.837,2.139,2.516,79.664,99.978,85.663,103.843,101.42,93.36,415.74,439.711,260.541,556.313,566.656,452.853
HD3353,59.53,99.345,87.445,95.156,85.093,44.283,44.827,30.693,42.909,43.375,41.914,55.784,49.784,1.999,2.099,2.382,2.335,1.954,2.169,65.084,97.89,91.142,108.507,104.942,92.603,371.358,414.406,256.666,646.317,544.234,455.177
HD3354,58.409,92.879,80.573,93.515,81.441,44.283,44.827,32.92,43.462,43.375,66.777,46.662,57.579,3.202,2.191,2.462,3.003,1.912,2.597,71.38,101.808,103.095,116.329,104.67,99.701,524.506,591.045,298.388,588.861,535.656,516.646
HD3355,58.409,100.389,84.467,95.276,84.844,44.283,44.827,29.62,42.013,43.375,59.216,54.386,57.772,2.462,2.146,2.406,2.996,2.158,2.47,73.221,98.149,100.718,111.87,107.107,98.356,243.447,572.128,280.672,599.513,577.285,466.175
HD3356,60.894,102.266,92.256,104.085,90.435,44.283,44.827,35.119,36.217,40.986,20.925,44.025,33.399,0.753,2.353,2.219,2.722,2.424,2.1,68.619,103.637,96.756,108.303,101.42,95.474,222.272,382.961,227.526,524.949,633.084,400.318
HD3357,58.409,96.634,84.467,95.276,83.872,44.283,44.827,32.92,42.738,43.375,45.935,47.887,47.83,2.224,1.903,2.294,2.693,2.111,2.256,66.778,102.723,95.171,109.194,104.67,95.474,223.234,633.607,246.852,591.82,550.713,458.482
HD3359,58.409,94.756,84.467,96.157,83.629,44.283,44.827,29.071,41.289,43.136,68.231,52.126,61.103,2.526,2.29,2.132,3.126,1.988,2.432,64.937,103.637,93.587,107.411,103.045,94.129,220.347,643.065,272.62,569.924,509.971,450.227
HD3360,60.894,90.063,84.467,92.634,82.17,44.283,44.827,30.17,43.462,43.853,29.843,34.417,32.916,1.402,1.642,2.194,3.415,2.177,2.205,74.142,98.149,101.51,110.086,105.482,97.971,218.422,397.148,254.099,551.579,581.713,406.135
HD3362,60.894,90.063,86.415,92.634,82.656,44.283,44.827,29.071,43.462,43.853,48.746,60.038,55.456,2.38,2.065,2.624,3.314,2.643,2.673,75.062,110.956,105.472,110.978,111.981,103.543,408.04,430.253,275.035,561.639,672.055,476.87
HD3363,61.722,92.879,88.362,95.276,84.844,44.283,44.827,27.421,41.289,42.659,40.313,46.097,44.113,1.155,2.424,2.518,3.27,2.605,2.454,77.823,109.126,107.849,117.221,111.169,105.465,257.885,434.982,290.335,565.782,664.97,451.915
HD3364,53.44,91.001,77.652,91.753,78.281,44.283,44.827,31.27,45.636,44.57,43.027,55.14,50.098,1.85,2.209,2.331,3.769,2.064,2.516,72.301,109.126,104.679,107.411,109.544,101.046,226.122,430.253,289.53,569.924,531.228,417.58
HD3365,64.499,90.896,87.445,91.633,83.391,44.283,44.827,27.394,45.082,43.853,34.546,58.139,47.323,1.268,1.407,2.743,2.92,2.049,2.155,66.004,100.634,102.235,106.723,105.755,95.87,274.143,438.052,282.434,515.533,566.377,410.147
HD3366,59.53,101.223,88.419,97.799,86.551,44.283,44.827,28.493,40.735,42.659,73.225,72.645,74.013,3.16,2.018,2.781,2.711,2.286,2.657,78.89,104.293,103.027,112.074,104.942,100.481,418.522,414.406,250.224,536.837,627.491,445.796
HD3367,59.53,98.406,88.419,97.799,85.822,44.283,44.827,30.143,41.46,42.659,62.95,52.487,58.569,2.511,0.193,2.525,2.97,1.935,2.084,70.606,108.867,100.65,113.857,107.38,100.097,332.857,594.114,292.902,614.361,556.634,484.259
HD3368,61.722,93.818,87.388,94.395,84.601,44.283,44.827,31.82,42.738,43.614,29.455,55.328,43.438,0.927,0.276,2.611,2.693,2.282,1.796,68.619,104.552,95.171,108.303,103.045,95.666,259.81,524.836,279.867,567.557,595.884,453.604
HD3369,65.327,95.59,88.419,95.156,86.065,44.283,44.827,32.342,42.184,42.897,24.659,48.814,37.622,1.168,0.193,2.457,3.173,1.982,1.857,66.004,107.953,91.935,108.507,108.192,95.87,319.382,598.843,290.487,656.969,562.834,496.83
HD3371,61.722,103.205,87.388,103.204,89.463,44.283,44.827,34.569,36.217,40.986,42.639,54.669,49.664,1.841,2.227,2.543,3.14,2.13,2.434,81.505,101.808,95.171,118.113,105.482,100.469,386.864,491.732,288.725,564.598,544.513,462.047
HD3372,54.56,89.019,82.577,88.99,78.044,44.283,44.827,33.442,46.531,44.808,43.271,48.06,46.502,2.374,2.09,2.469,3.1,2.219,2.51,76.129,98.805,93.519,103.156,101.693,93.756,296.281,513.718,292.902,596.015,621.291,469.062
HD3376,63.044,101.022,89.353,102.256,88.984,44.283,44.827,29.97,36.267,40.986,23.871,52.403,38.328,1.317,2.123,2.155,3.125,1.76,2.106,63.167,102.275,92.078,104.136,102.149,92.707,249.746,554.98,263.169,538.018,460.39,411.303
HD3377,55.59,86.002,78.644,92.567,77.559,44.283,44.827,36.569,44.236,43.614,43.84,49.106,46.581,2.157,2.419,2.629,2.691,1.827,2.375,72.371,88.553,95.247,105.028,100.524,92.322,429.739,493.501,280.885,598.38,486.076,462.9
HI1544,56.418,87.88,78.644,92.567,78.288,44.283,44.827,32.72,44.961,43.853,48.009,51.084,49.67,2.249,1.457,2.417,2.663,1.485,2.065,63.167,90.383,93.663,100.569,97.275,88.672,279.585,474.584,238.206,509.612,420.533,377.905
HI1563,56.418,93.512,78.644,89.924,79.018,44.283,44.827,32.17,47.134,44.57,44.422,63.141,54.062,1.847,1.61,2.566,3.457,1.628,2.286,76.973,99.53,104.755,112.162,109.46,101.545,245.896,450.938,246.259,545.119,432.048,382.221
HI1628,61.388,94.451,89.353,95.209,84.852,44.283,44.827,26.671,42.787,43.614,55.182,65.684,60.723,2.422,1.799,2.722,3.399,2.567,2.649,78.814,110.507,103.171,117.513,111.897,105.58,236.271,502.959,226.933,548.67,662.332,436.069
HI1633,55.388,97.468,84.524,94.275,82.419,44.283,44.827,30.143,42.909,43.614,51.123,55.784,54.369,2.063,1.812,2.631,2.776,2.181,2.351,72.447,86.913,98.273,102.264,101.693,91.451,295.318,471.156,263.108,545.714,603.577,433.788
HI1634,55.59,97.267,80.591,92.567,80.962,44.283,44.827,32.72,44.961,44.331,47.33,58.243,53.001,2.221,2.581,2.591,3.226,1.893,2.556,65.008,93.127,95.247,105.028,100.524,91.746,325.786,526.605,287.327,481.207,509.104,418.433
HI1636,58.903,86.002,78.644,91.686,78.288,44.283,44.827,37.118,45.685,44.331,41.223,43.549,42.431,1.947,2.006,2.585,2.85,1.789,2.27,71.451,108.678,95.247,106.811,108.648,98.663,179.482,450.938,222.907,506.062,471.905,359.893
HI1637,55.59,84.125,78.644,89.043,76.101,44.283,44.827,37.118,47.859,45.047,33.856,49.765,41.948,1.573,2.132,2.672,2.576,2.045,2.226,65.008,90.383,92.078,104.136,101.337,90.401,226.646,351.626,251.09,542.752,537.447,381.47
HI1641,56.217,104.039,83.551,95.156,84.364,44.283,44.827,31.243,42.909,43.614,48.99,47.778,49.205,2.127,1.704,2.5,3.007,1.859,2.3,72.447,104.293,95.104,113.857,106.567,97.983,253.93,357.656,259.082,603.709,530.063,405.081
HI1642,57.045,89.958,85.498,89.871,79.988,44.283,44.827,33.992,46.531,44.808,34.353,45.894,40.952,2.072,1.866,2.619,2.869,1.906,2.331,72.447,96.975,93.519,111.182,103.318,94.717,457.023,362.385,226.067,553.407,548.663,425.908
HI1646,57.246,94.451,87.406,93.447,82.664,44.283,44.827,32.17,43.512,43.614,58.381,55.323,57.007,2.678,1.538,2.585,2.879,1.4,2.253,72.371,99.53,92.078,109.487,105.398,95.973,317.123,469.855,275.248,567.607,463.933,420.496
HI1647,61.388,96.329,85.459,94.328,84.122,44.283,44.827,29.42,42.063,42.897,57.509,56.265,57.055,2.368,2.275,2.554,3.211,1.504,2.435,69.61,96.786,99.209,110.379,102.961,96.165,241.084,621.188,263.169,580.626,496.704,443.95
HI1648,58.075,91.635,78.644,91.686,79.504,44.283,44.827,32.17,43.512,43.853,54.31,51.743,53.145,2.715,2.662,2.573,3.24,1.808,2.652,71.451,104.104,97.624,115.73,109.46,100.392,229.533,550.251,260.753,531.508,486.076,409.239
HI1649,56.418,88.819,76.696,90.805,77.559,44.283,44.827,32.17,44.961,43.853,44.907,52.026,48.608,2.075,2.266,2.454,3.413,2.32,2.553,67.769,102.275,101.586,105.028,100.524,95.781,348.887,649.563,339.668,565.832,608.304,507.367
HI1650,56.418,96.329,81.564,93.447,81.449,44.283,44.827,31.07,43.512,43.375,47.039,50.142,48.705,2.413,2.006,2.386,3.103,2.292,2.464,67.769,104.104,102.378,106.811,106.211,98.086,326.749,394.188,241.427,534.467,600.332,417.87
HI1651,57.246,95.39,77.67,93.447,80.476,44.283,44.827,33.269,44.236,43.614,57.315,41.288,49.284,2.578,1.52,2.28,2.525,2.292,2.222,64.087,94.956,90.493,105.92,100.524,90.977,282.472,375.271,250.285,552.812,602.99,413.93
HI1652,55.388,96.529,76.736,93.394,79.988,44.283,44.827,32.342,44.358,44.092,43.174,46.836,45.827,1.807,1.524,2.338,2.537,2.552,2.167,59.561,98.805,84.804,100.48,102.505,87.8,304.944,452.239,266.329,569.977,691.262,458.93
HI1653,62.216,104.777,85.459,94.328,86.553,44.283,44.827,35.469,42.063,43.375,48.881,54.381,51.794,2.368,2.671,2.797,3.5,2.52,2.852,76.973,99.53,89.701,108.595,104.586,95.973,251.672,512.417,285.716,586.544,661.446,466.465
HI1654,63.044,101.022,93.247,98.732,88.984,44.283,44.827,31.62,39.165,42.42,42.677,58.431,50.78,2.03,2.105,2.554,3.363,1.988,2.464,65.008,105.934,96.04,107.703,105.398,96.357,229.533,430.13,262.364,514.347,531.247,389.913
HI1655,57.045,94.651,80.63,93.394,80.961,44.283,44.827,36.191,42.909,43.136,39.006,44.198,42.4,1.762,1.749,2.201,2.689,1.65,2.03,75.209,99.72,91.142,110.29,107.38,96.062,267.405,407.785,265.524,558.141,511.463,400.766
HPW469,62.787,104.773,92.754,107.081,92.627,44.283,44.827,29.42,40.614,42.897,47.039,58.996,53.242,2.084,2.033,2.591,2.72,2.245,2.358,85.257,109.593,104.755,115.73,111.897,106.733,475.941,427.292,248.675,555.771,608.304,463.65
HPW470,58.903,99.145,89.353,99.613,86.553,44.283,44.827,28.321,38.44,41.464,38.896,56.736,48.029,1.746,2.078,2.323,2.901,1.457,2.117,76.973,103.189,100.794,110.379,103.774,99.624,200.658,361.084,222.907,551.629,407.248,346.947
HPW471,60.559,101.022,92.274,102.256,88.984,44.283,44.827,31.62,40.614,42.42,34.34,62.764,48.85,1.765,1.889,2.685,2.886,2.273,2.34,74.212,117.826,96.832,125.54,115.147,107.117,354.662,498.23,239.817,625.602,612.732,475.096
HPW472,58.075,100.084,89.353,99.613,86.553,44.283,44.827,33.269,44.961,44.57,40.932,60.786,51.118,1.655,1.862,2.442,3.009,2.007,2.222,73.292,99.53,92.078,105.92,109.46,96.357,205.47,384.73,206.802,575.3,545.418,385.598
HPW473,57.246,97.267,85.459,93.447,82.907,44.283,44.827,28.871,42.063,43.375,41.514,40.44,40.983,1.838,2.635,2.174,2.872,1.931,2.288,67.769,107.763,94.455,113.054,112.71,99.816,176.594,540.792,234.985,568.199,487.847,403.047
HPW474,59.731,98.206,86.432,94.328,84.365,44.283,44.827,27.943,42.909,43.375,15.934,55.502,36.705,1.241,1.551,2.544,2.27,2.058,1.959,67.845,109.782,94.312,111.182,106.567,97.407,223.129,442.781,222.846,536.837,570.806,394.949
HS675,59.53,100.284,84.524,95.156,84.607,44.283,44.827,25.571,36.991,41.942,28.33,58.149,43.492,1.024,1.169,2.012,2.554,1.466,1.615,71.451,104.104,95.247,114.838,104.586,98.471,157.344,285.417,179.423,456.944,299.191,260.452
HS676,62.216,103.839,98.115,106.66,92.873,44.283,44.827,28.321,39.165,42.181,31.432,47.505,39.583,1.472,1.412,2.211,2.071,1.77,1.747,62.246,99.53,86.532,107.703,104.586,91.938,186.22,370.542,181.034,483.574,486.076,331.374
HS677,58.903,97.267,91.3,99.613,86.553,44.283,44.827,28.871,36.267,41.464,30.075,59.091,44.844,1.372,1.781,2.436,3.031,1.922,2.137,83.416,110.507,99.209,119.297,111.085,105.772,325.786,413.105,206.802,539.793,513.533,396.668
HS678,62.216,104.777,96.168,107.541,92.873,44.283,44.827,31.62,40.614,42.897,37.248,66.155,52.035,1.353,1.79,2.479,2.655,2.017,2.072,76.053,107.763,103.171,112.162,106.211,101.929,344.074,313.792,218.88,527.958,539.218,385.035
HS679,59.731,97.267,84.485,98.732,84.852,44.283,44.827,28.871,40.614,43.136,46.749,41.665,44.216,2.13,1.673,2.224,2.554,2.216,2.141,70.53,103.189,96.04,112.162,100.524,96.741,331.561,337.438,187.476,441.558,589.704,363.271
HS680,59.731,90.696,85.459,98.732,83.393,44.283,44.827,28.321,43.512,43.375,44.713,44.867,44.844,2.066,2.105,2.236,2.821,2.558,2.351,73.292,102.275,98.417,113.054,103.774,98.663,525.029,479.313,259.143,523.223,673.846,489.543
HS681,58.903,90.696,84.485,94.328,81.692,44.283,44.827,29.42,41.338,43.375,39.478,37.991,38.714,2.039,2.266,2.292,2.742,2.121,2.291,70.53,108.678,93.663,107.703,106.211,97.702,242.046,370.542,250.285,484.758,561.361,374.716
HUW838,62.216,101.022,90.327,98.732,88.012,44.283,44.827,32.72,44.236,43.614,48.881,58.62,53.966,2.075,2.114,2.853,2.843,2.672,2.562,73.292,100.445,97.624,115.73,106.211,99.239,371.988,493.501,247.064,662.884,700.418,509.619
HUW839,58.075,94.451,85.459,91.686,81.935,44.283,44.827,33.269,39.889,42.659,51.014,66.155,58.889,2.304,1.934,2.629,3.298,1.903,2.473,82.496,103.189,103.963,115.73,110.273,104.235,280.547,498.23,287.327,603.706,516.19,444.325
HUW840,63.873,97.267,89.353,97.852,87.039,44.283,44.827,29.42,35.542,41.225,55.57,38.368,46.919,1.966,1.772,1.987,2.98,2.501,2.221,71.451,103.189,92.87,98.785,101.337,93.475,221.833,450.938,240.622,507.837,659.675,412.616
HUW841,59.731,103.839,96.168,104.898,91.172,44.283,44.827,29.043,43.633,43.853,49.766,45.988,48.674,2.1,1.857,2.351,3.115,2.068,2.349,66.004,103.379,95.896,109.398,104.942,95.293,268.368,513.718,290.487,558.141,569.92,440.167
HUW843,62.014,90.896,87.445,94.275,83.391,44.283,44.827,33.269,47.859,45.286,35.213,43.36,39.342,1.6,1.475,1.937,3.088,2.121,2.028,69.61,99.53,99.209,113.946,107.023,98.471,391.238,441.48,238.206,492.451,559.59,417.119
JAUW672,55.59,87.88,83.512,88.162,78.045,44.283,44.827,29.043,40.735,42.897,47.342,63.414,56.397,2.045,2.666,2.943,2.92,1.422,2.501,74.288,111.612,103.027,120.1,112.254,104.516,384.834,329.281,258.277,504.881,414.035,368.869
JAUW683,59.53,100.284,89.392,96.918,86.308,44.283,44.827,31.243,45.082,44.331,33.868,37.228,36.27,1.661,2.189,2.04,3.303,1.555,2.187,81.652,100.634,95.896,116.533,107.38,100.097,267.405,371.843,209.962,451.621,440.606,331.907
JKW261,55.388,92.774,87.445,90.752,80.961,44.283,44.827,30.52,41.338,42.897,47.524,56.83,52.373,2.02,1.952,2.498,2.525,2.235,2.251,74.212,99.53,100.794,111.271,103.774,98.471,224.721,427.292,263.169,604.297,596.79,431.003
JKW270,62.216,100.084,85.459,96.09,85.824,44.283,44.827,29.42,42.787,43.614,65.07,62.764,64.15,2.898,2.284,2.803,3.608,1.922,2.794,70.53,108.678,99.209,112.162,87.527,95.589,273.81,498.23,280.079,616.725,509.99,444.137
JKW275,60.559,95.39,84.485,95.209,83.636,44.283,44.827,29.97,42.787,43.136,49.657,61.634,55.896,2.715,2.374,2.436,3.204,1.713,2.527,75.133,97.701,100.794,109.487,104.586,98.086,220.871,323.25,253.506,462.862,455.076,332.5
JKW278,62.216,92.574,87.406,94.328,83.879,44.283,44.827,31.07,42.787,43.136,53.631,63.989,59.082,2.322,2.015,2.753,2.807,2.482,2.516,68.689,99.53,100.794,109.487,103.774,96.934,225.683,488.771,255.117,546.303,648.161,434.006
K1006,60.559,97.267,80.591,95.209,83.15,44.283,44.827,29.42,36.267,41.225,51.595,57.678,54.835,1.902,1.889,2.348,3.045,1.979,2.253,68.689,103.189,90.493,105.028,101.337,93.667,259.372,408.376,249.48,601.93,525.047,414.868
K1317,62.216,104.777,96.168,104.018,91.901,44.283,44.827,29.97,36.991,41.225,41.126,55.794,48.657,1.81,2.671,2.429,2.908,1.912,2.369,74.212,108.678,96.04,115.73,104.586,100.392,235.309,384.73,252.701,579.443,577.304,410.177
K1901,60.559,102.9,96.168,104.018,90.929,44.283,44.827,33.269,43.512,43.853,59.932,64.271,62.364,2.194,1.367,2.597,2.944,1.609,2.182,67.769,94.042,92.078,104.136,98.087,90.977,213.17,469.855,235.791,522.04,439.133,371.339
K1903,63.044,95.39,87.406,93.447,84.609,44.283,44.827,28.871,41.338,43.136,53.534,51.084,52.421,2.432,1.466,2.348,3.168,1.666,2.244,86.178,108.678,103.171,112.162,109.46,105.003,382.575,351.626,244.648,614.949,437.362,412.053
K1904,58.903,96.329,85.459,96.971,84.122,44.283,44.827,28.493,44.358,44.092,50.154,59.552,55.817,2.182,1.164,2.556,3.072,1.726,2.209,78.89,105.208,106.197,114.749,96.819,100.097,203.878,575.198,259.082,552.224,483.12,412.211
K1905,57.045,92.774,85.498,93.394,81.69,44.283,44.827,28.871,44.961,44.092,56.927,50.048,53.58,3.016,1.394,2.429,3.615,1.941,2.534,82.496,113.252,103.963,119.297,111.897,107.501,479.791,521.876,222.907,627.969,573.761,492.732
K1907,61.388,93.512,85.459,92.567,82.907,44.283,44.827,28.321,44.236,43.614,45.294,46.186,45.809,1.929,2.392,2.199,2.677,2.377,2.3,82.496,101.36,93.663,110.379,103.774,98.663,397.976,439.588,268.001,466.412,621.589,429.878
K1908,56.418,90.696,89.353,91.686,81.449,44.283,44.827,36.569,44.236,44.092,30.075,41.194,35.673,1.728,1.376,2.566,2.829,2.283,2.182,80.655,107.763,108.717,111.271,102.149,103.082,224.721,441.48,251.09,480.023,596.79,391.602
KRL1803,53.933,91.635,78.644,91.686,78.288,44.283,44.827,31.62,43.512,43.375,65.749,47.787,56.813,2.633,1.619,2.635,2.756,1.789,2.318,76.973,101.36,98.417,110.379,104.586,98.855,549.093,597.542,307.458,624.418,472.79,518.437
KRL1808,58.075,91.635,86.432,92.567,81.692,44.283,44.827,35.469,35.542,40.031,22.514,40.911,31.764,0.741,1.898,2.429,2.453,1.381,1.785,69.61,104.104,96.832,114.838,111.085,100.008,209.32,474.584,258.338,593.645,467.476,405.486
KRL1810,62.216,101.961,94.221,105.779,91.172,44.283,44.827,35.469,35.542,40.27,26.876,40.252,33.598,1.024,0.162,2.218,3.002,1.514,1.593,69.61,110.507,96.832,108.595,100.524,97.51,215.095,469.855,251.09,545.711,502.904,396.293
LOK77,70.499,103.839,93.247,104.898,93.603,44.283,44.827,33.269,35.542,40.747,45.779,58.337,52.277,1.828,1.089,2.529,2.518,2.197,2.039,70.53,103.189,96.832,111.271,105.398,97.894,256.484,479.313,283.3,541.569,578.19,428.377
MACS6222,61.388,104.777,90.327,104.898,90.442,41.424,44.772,31.595,39.071,40.267,56.408,51.352,54.487,2.18,1.977,2.376,2.991,2.118,2.405,72.669,100.041,94.553,108.45,104.132,95.316,336.758,478.345,258.114,559.546,532.408,437.051
MACS6478,63.495,100.761,85.759,102.13,88.132,44.283,44.827,26.671,41.338,42.659,55.279,55.794,55.703,2.541,2.437,2.535,2.814,2.349,2.558,71.451,90.383,85.739,104.136,98.9,89.632,556.793,465.126,275.248,584.769,613.618,503.427
MACS6747,61.388,97.267,88.379,96.09,85.581,44.283,44.827,37.118,44.236,44.092,44.616,49.012,46.919,2.304,2.797,2.467,3.067,1.741,2.511,70.53,102.275,103.963,110.379,104.586,99.047,274.772,356.355,239.012,594.829,463.933,389.913
MACS6749,55.59,90.696,80.591,93.447,79.504,44.283,44.827,35.641,44.358,44.092,42.205,65.204,54.756,1.999,1.614,2.706,3.223,1.906,2.38,73.368,95.146,85.596,105.831,101.693,91.066,472.424,400.218,278.408,651.051,527.406,475.066
MACS6752,56.217,100.284,90.366,94.275,84.85,44.283,44.827,32.892,42.909,43.136,46.47,42.597,45.296,2.008,2.099,2.413,3.129,1.764,2.343,70.606,96.975,91.935,108.507,103.318,93.372,421.41,348.197,259.082,530.919,492.863,404.894
MACS6753,56.217,104.039,85.498,95.156,84.85,44.283,44.827,31.792,41.46,42.897,51.123,57.668,55.335,2.611,2.162,2.781,4.241,1.944,2.897,91.777,128.077,111.743,129.91,117.128,117.005,315.531,438.052,251.835,511.391,541.577,404.518
MACS6755,55.388,99.345,81.603,96.037,82.662,44.283,44.827,32.72,44.236,43.614,46.167,48.635,47.498,2.45,1.781,2.454,3.305,1.675,2.378,88.019,131.547,111.094,131.782,115.147,117.684,486.528,512.417,288.132,530.325,453.305,450.892
MACS6764,57.246,89.757,80.591,92.567,79.504,44.283,44.827,33.819,42.787,43.614,49.56,60.127,55.076,2.386,2.662,2.429,3.724,2.406,2.781,81.576,103.189,84.947,109.487,107.023,97.318,270.922,403.646,260.753,585.952,637.532,437.57
MACS6768,55.59,97.267,80.591,93.447,81.205,44.283,44.827,31.62,45.685,44.092,72.437,51.084,61.833,3.272,2.078,2.373,2.886,2.207,2.574,64.087,94.956,95.247,102.352,100.524,91.362,272.847,607.001,287.327,567.015,581.732,466.652
MACS6769,53.933,92.574,80.591,89.924,78.532,44.283,44.827,31.792,39.286,41.942,42.399,49.662,46.888,2.017,0.193,2.139,2.429,3.577,2.051,75.209,95.146,95.104,101.372,101.693,92.796,362.695,523.177,261.498,528.552,679.748,467.561
MACS6774,60.358,95.59,88.419,98.679,85.579,44.283,44.827,32.17,43.512,43.375,57.024,56.265,56.813,2.779,1.466,2.672,3.132,2.055,2.473,74.212,99.53,88.116,111.271,100.524,94.628,329.636,569.167,309.874,607.256,543.647,480.161
MP1358,57.246,90.696,84.485,93.447,80.962,44.283,44.827,32.72,42.063,42.897,53.147,62.293,57.972,2.358,1.925,2.722,3.024,2.453,2.545,80.655,102.275,96.832,110.379,103.774,99.239,478.828,436.751,264.78,663.476,635.761,509.806
MP1361,58.075,100.084,89.353,96.09,85.581,44.283,44.827,33.819,41.338,43.136,39.09,55.04,47.257,1.947,2.329,2.772,3.009,1.476,2.369,63.167,97.701,99.209,104.136,102.149,93.475,283.435,507.688,262.364,567.015,398.391,404.361
MP1367,60.559,92.574,84.485,96.971,83.393,44.283,44.827,33.819,44.236,43.853,40.641,61.822,51.504,1.911,1.781,2.554,2.959,2.007,2.277,70.53,97.701,95.247,113.946,105.398,96.934,267.072,446.209,245.454,581.218,533.018,418.057
MP1368,60.559,95.39,85.459,91.686,82.907,44.283,44.827,32.72,44.236,44.092,30.754,47.693,39.342,1.646,1.691,2.429,2.814,1.504,2.037,76.053,104.104,97.624,109.487,104.586,98.855,243.971,460.396,252.701,513.755,414.333,371.526
MP1369,53.933,94.451,78.644,91.686,79.018,44.283,44.827,31.62,43.512,43.375,42.483,50.896,46.823,2.084,1.97,2.23,2.901,1.609,2.164,73.292,100.445,89.701,100.569,97.275,91.938,451.877,455.667,247.869,540.977,448.876,425.938
MP1370,56.418,97.267,78.644,92.567,80.719,44.283,44.827,33.269,46.41,44.092,46.07,41.382,43.734,2.093,2.123,2.186,3.233,1.865,2.317,63.167,101.36,85.739,103.244,102.149,90.785,251.672,356.355,248.675,568.791,501.133,387.287
MP1371,56.418,101.022,76.696,89.043,80.233,44.283,44.827,33.269,41.338,43.136,54.407,54.193,54.448,2.441,0.162,2.423,3.283,1.789,2.057,78.814,99.53,87.324,110.379,100.524,95.204,464.39,450.938,298.6,564.648,478.99,453.143
MP1372,58.075,101.022,82.538,97.852,84.609,44.283,44.827,33.992,47.98,45.286,48.312,55.031,52.584,2.465,1.407,2.494,2.501,2.238,2.251,70.606,96.061,87.973,108.507,104.942,92.603,315.531,499.531,252.64,522.635,608.891,434.726
MP3288,54.56,89.019,76.736,86.348,75.856,44.283,44.827,34.919,42.787,43.375,41.708,48.164,45.037,1.929,1.943,2.485,2.821,2.045,2.266,84.337,102.275,95.247,111.271,102.149,99.431,226.646,398.917,211.633,568.199,548.076,391.977
MP3336,59.731,100.084,88.379,95.209,85.581,44.283,44.827,37.291,44.358,44.092,32.705,41.843,38.056,1.743,1.515,2.332,2.451,1.242,1.879,61.402,85.083,84.804,102.264,99.256,84.918,304.944,357.656,255.056,553.407,393.664,369.245
MP3523,55.388,97.468,76.736,94.275,80.474,44.283,44.827,32.72,44.961,43.853,54.891,50.142,52.614,2.459,1.754,2.423,2.684,2.026,2.277,79.735,101.36,98.417,120.189,112.71,103.466,252.634,479.313,280.885,578.851,540.99,431.003
MP3526,61.388,88.819,80.591,90.805,79.99,44.283,44.827,28.871,42.063,43.375,67.3,50.236,58.841,2.733,1.691,2.442,3.753,2.301,2.645,73.292,106.848,96.04,115.73,107.836,100.584,237.234,422.563,234.985,585.36,609.189,422.56
MP3527,63.044,95.39,86.432,95.209,84.852,44.283,44.827,36.191,42.184,44.092,40.072,50.133,45.971,1.944,1.74,2.662,3.122,2.134,2.4,81.652,96.975,91.935,112.074,104.13,96.638,273.18,627.218,287.266,562.284,589.405,468.311
MP3529,59.53,95.59,81.603,95.156,82.662,44.283,44.827,33.269,41.338,43.136,58.769,47.316,53.097,2.541,1.358,2.249,2.626,1.884,2.121,72.371,97.701,87.324,105.92,103.774,93.283,289.21,447.155,252.701,584.177,500.247,418.245
MP3535,59.731,100.084,84.485,96.09,84.852,44.283,44.827,35.641,43.633,43.375,62.95,57.009,60.885,2.739,1.875,2.469,2.992,1.764,2.425,68.766,94.231,93.519,102.264,104.13,91.643,286.656,584.656,261.498,579.446,514.12,445.984
NIAW3170,57.873,92.774,85.498,94.275,82.176,44.283,44.827,27.221,41.338,42.659,50.432,49.577,50.105,2.249,1.583,2.467,2.706,2.121,2.237,91.7,106.848,96.04,110.379,105.398,102.698,272.847,479.313,270.416,580.626,571.99,439.634
NIAW3851,57.246,94.451,87.406,95.209,83.15,44.283,44.827,30.52,38.44,41.942,43.55,48.07,45.906,2.304,2.347,2.485,2.684,1.95,2.369,74.212,99.53,96.832,116.621,94.838,96.549,315.198,384.73,259.143,509.612,517.076,392.353
NIAW3855,61.388,95.39,90.327,97.852,86.067,44.283,44.827,31.07,39.889,42.42,42.677,53.156,48.078,2.304,2.195,2.467,2.764,2.055,2.373,76.053,97.701,97.624,110.379,103.774,97.51,379.688,446.209,291.353,571.749,545.418,450.329
NIAW3882,59.731,97.267,84.485,96.09,84.122,44.283,44.827,27.771,42.063,43.375,69.432,49.2,59.372,2.861,1.871,2.423,3.363,2.377,2.618,71.451,94.042,100.794,108.595,102.149,95.781,226.646,446.209,268.001,561.689,626.904,429.127
NIAW3889,61.388,96.329,84.485,95.209,84.122,44.283,44.827,27.221,42.787,43.136,66.524,55.511,61.157,2.386,1.934,2.523,3.37,1.95,2.485,79.735,105.019,101.586,110.379,103.774,100.776,374.875,573.897,275.248,601.93,529.476,477.159
NIAW3895,62.216,90.696,86.432,94.328,83.15,44.283,44.827,32.342,45.807,44.57,40.46,39.3,40.614,2.365,1.425,2.114,2.725,1.849,2.106,81.652,104.293,92.727,113.857,106.567,99.328,359.808,565.739,280.018,555.774,510.577,452.551
NIAW3898,55.388,84.325,76.736,86.348,74.884,44.283,44.827,32.589,46.233,44.808,59.596,41.742,50.702,2.481,1.233,2.241,2.749,1.733,2.086,71.965,96.859,90.694,107.672,105.674,93.717,278.173,506.299,249.105,561.238,493,419.167
NW7079,54.504,87.875,76.203,87.702,76.34,44.283,44.827,30.389,41.161,42.42,52.81,79.043,66.437,2.271,2.222,2.801,3.384,1.486,2.519,73.805,111.495,93.864,110.347,102.425,97.752,237.747,359.695,224.142,474.246,432.771,336.049
NW7088,60.302,97.263,88.86,96.51,86.064,44.283,44.827,29.839,41.886,42.659,55.137,53.422,54.467,2.472,1.503,2.309,2.806,1.714,2.169,83.01,103.262,108.918,113.915,108.923,103.9,362.876,345.508,265.21,583.134,504.514,416.916
NW7092,61.13,100.079,87.886,93.868,86.064,44.283,44.827,32.589,44.059,43.375,58.82,55.212,57.218,2.737,1.404,2.44,3.81,2.416,2.626,79.328,105.092,95.448,111.239,104.049,98.52,491.854,397.528,222.532,493.183,665.713,448.062
NW7093,55.332,93.508,87.886,92.987,82.417,44.283,44.827,31.489,41.161,42.897,67.545,58.132,63.058,2.719,1.565,2.347,3.081,1.685,2.305,83.93,109.666,101.787,108.564,112.985,103.516,374.426,534.674,226.558,588.46,501.857,448.812
NW7096,56.161,98.201,86.912,95.63,84.362,44.283,44.827,30.693,41.46,43.136,37.067,57.668,48.336,1.88,1.947,2.525,3.331,1.707,2.36,70.606,100.634,91.935,112.966,105.755,95.678,258.742,527.906,261.498,568.793,484.892,419.716
NW8000,62.843,97.468,89.392,95.156,86.065,44.283,44.827,33.138,41.161,42.897,60.953,66.703,64.168,2.874,1.592,2.695,2.294,2.065,2.318,78.408,103.262,83.563,104.996,107.299,94.485,340.737,397.528,224.948,534.016,581.571,414.289
NWS2176,58.645,100.079,87.886,95.63,85.821,44.283,44.827,31.489,43.335,44.092,62.31,55.589,59.149,2.856,2.285,2.297,3.73,2.027,2.692,72.885,88.626,87.525,102.321,96.738,88.145,278.173,515.758,270.847,605.622,602.828,463.447
NWS2180,57.817,90.691,84.965,92.987,81.688,44.283,44.827,30.939,40.437,42.659,54.943,44.097,49.592,2.152,1.565,2.533,2.705,2.074,2.227,82.089,100.518,93.071,106.78,106.486,97.175,275.286,534.674,262.794,561.238,574.485,444.684
PBW644,61.958,95.385,90.807,98.272,87.036,44.283,44.827,27.09,39.712,41.942,61.438,45.51,53.55,2.508,1.997,2.453,2.907,2.369,2.469,69.203,100.518,97.825,110.347,101.612,95.254,429.29,530.891,282.926,583.726,653.313,502.473
PBW803,59.474,97.263,87.886,97.391,85.821,44.283,44.827,32.589,45.508,44.331,30.03,51.161,40.808,1.513,2.159,2.652,3.001,2.131,2.34,66.442,96.859,96.241,110.347,102.425,93.717,203.096,321.862,237.026,629.293,608.142,411.099
PBW804,57.817,87.875,80.097,90.344,79.014,44.283,44.827,29.839,41.161,42.897,39.433,53.422,46.648,1.577,2.267,2.459,2.705,1.695,2.16,69.203,98.689,97.825,111.239,101.612,95.062,180.958,388.07,249.105,560.646,480.6,373.949
PBW811,59.474,97.263,87.886,96.51,85.578,44.283,44.827,32.039,47.682,45.047,49.224,52.009,50.799,2.335,2.015,2.527,2.72,1.923,2.327,70.124,105.092,96.241,110.347,108.923,97.752,462.979,302.945,267.626,562.422,535.514,428.549
PBW812,56.989,86.936,80.097,90.344,78.528,44.283,44.827,29.289,45.508,43.853,29.739,51.444,40.808,1.101,1.35,2.546,2.857,1.79,1.962,66.442,100.518,96.241,108.564,110.548,96.022,208.871,435.362,249.105,639.353,505.399,418.98
PBW813,62.787,85.998,83.992,90.344,80.959,44.283,44.827,32.589,43.335,43.614,22.177,55.4,39.07,0.818,2.15,2.409,2.842,1.6,1.988,75.646,107.836,102.58,113.915,102.425,100.249,179.033,411.716,237.026,531.057,457.571,361.191
PBW826,62.787,93.508,88.86,93.868,85.091,44.283,44.827,34.238,44.059,43.853,54.07,51.821,53.116,2.582,2.851,2.826,3.326,1.941,2.788,62.76,94.115,88.317,102.321,100.8,88.337,324.374,586.695,313.525,603.846,545.256,483.71
PBW827,60.302,97.263,84.965,93.868,84.362,44.283,44.827,33.688,43.335,43.375,37.494,60.11,49.11,1.321,2.15,2.421,2.951,1.552,2.109,70.124,94.115,98.618,104.996,99.988,92.756,262.773,473.195,286.952,577.216,468.2,418.229
PBW828,61.958,97.263,84.965,94.749,85.091,44.283,44.827,33.138,42.61,43.136,50.581,51.632,51.281,2.152,1.853,2.347,2.582,2.065,2.198,68.283,105.092,97.825,112.131,104.049,96.983,199.246,600.883,257.158,571.298,588.656,447.874
PBW829,60.302,96.324,83.018,95.63,84.119,44.283,44.827,32.039,36.814,40.986,60.081,52.386,56.398,2.636,1.889,2.403,2.756,2.198,2.387,70.124,98.689,97.033,102.321,97.551,92.18,231.009,586.695,232.195,544.668,627.627,445.247
PBW830,61.13,91.63,89.833,102.676,86.793,44.283,44.827,31.489,44.784,43.614,62.698,51.35,57.17,2.892,1.619,2.316,2.582,1.866,2.251,76.567,108.751,102.58,107.672,109.736,101.018,240.635,241.466,228.974,447.024,535.514,327.418
PBW831,61.13,95.385,86.912,92.987,84.362,44.283,44.827,31.489,38.988,42.181,55.234,53.987,54.805,2.207,2.033,2.266,2.453,2.331,2.24,70.124,95.03,96.241,108.564,102.425,93.717,257.96,411.716,246.689,509.753,548.799,391.399
PBW832,62.787,95.385,87.886,100.915,87.279,44.283,44.827,32.039,44.784,44.092,63.377,49.843,56.735,2.764,2.087,2.558,3.124,2.558,2.659,79.328,98.689,94.656,104.105,100.8,94.677,294.536,525.216,256.352,552.953,699.37,468.888
PBW833,56.161,95.385,78.15,92.106,80.473,44.283,44.827,32.589,41.886,42.659,21.014,57.284,39.457,0.772,0.181,2.44,3.03,2.207,1.754,71.044,105.092,104.164,112.131,106.486,99.673,256.035,487.383,261.989,500.876,608.142,419.355
PBW834,66.1,95.385,88.86,94.749,86.793,44.283,44.827,36.987,48.406,45.525,44.28,41.083,42.739,2.042,2.114,2.322,3.189,1.505,2.267,69.203,104.177,95.448,104.996,106.486,95.446,231.009,548.862,249.105,481.348,438.971,381.642
PBW835,52.847,88.814,78.15,87.702,76.584,44.283,44.827,30.143,42.909,43.614,44.725,51.357,48.916,1.752,1.434,2.5,2.314,1.669,1.961,80.731,98.805,96.689,102.264,102.505,95.485,250.08,461.697,245.393,543.347,469.835,389.884
PBW836,56.217,95.59,85.498,95.156,82.662,44.283,44.827,32.589,43.335,43.136,53.877,50.219,52.198,2.042,0.181,2.372,2.243,2.141,1.776,63.681,98.689,98.618,105.888,104.049,93.525,300.311,525.216,268.431,503.244,589.542,433.802
PBW837,59.474,97.263,78.15,93.868,82.417,44.283,44.827,31.792,42.909,43.375,51.22,56.538,54.804,2.419,1.641,2.314,2.4,2.001,2.166,77.049,107.953,95.104,116.533,110.629,101.25,315.531,433.322,287.266,593.648,553.091,440.355
PBW838,59.53,95.59,79.656,93.394,81.69,44.283,44.827,29.289,42.61,42.897,49.224,47.582,48.53,2.508,2.24,2.253,3.701,1.495,2.492,81.169,100.518,86.733,112.131,104.049,96.022,517.843,392.799,165.359,518.63,445.171,400.217
PBW839,59.474,97.263,92.754,94.749,86.307,44.283,44.827,30.693,42.184,43.136,43.659,49.662,47.516,2.072,2.36,2.351,3.382,1.773,2.456,77.97,96.061,90.35,109.398,104.13,94.717,377.133,442.781,234.924,578.262,507.034,427.409
PBW840,61.186,101.223,91.339,94.275,86.794,44.283,44.827,34.788,44.784,44.092,47.382,65.479,56.784,2.088,2.042,2.446,2.568,1.647,2.169,63.681,91.37,88.317,96.97,96.738,85.839,321.487,383.341,261.184,557.688,485.914,403.407
PBW841,56.161,85.998,78.15,92.106,78.042,44.283,44.827,35.888,38.263,41.703,36.524,73.58,55.529,1.832,1.853,2.658,3.781,1.666,2.45,74.726,104.177,98.618,110.347,101.612,97.367,250.26,482.654,233,586.093,485.028,411.475
PBW848,60.302,92.569,90.807,100.915,86.55,44.283,44.827,31.243,40.735,42.659,48.118,61.436,55.769,2.063,2.423,2.6,3.137,0.549,2.244,68.766,98.805,93.519,104.048,98.444,91.643,367.508,499.531,249.419,558.141,461.863,424.219
Raj4083,61.186,100.284,91.339,96.918,87.281,44.283,44.827,34.238,46.957,44.808,52.422,47.299,49.978,2.225,1.332,2.172,2.756,1.771,2.044,63.681,93.2,93.864,100.537,102.425,89.682,241.597,397.528,224.948,560.055,506.285,387.271
RAJ4541,52.847,104.773,78.15,89.464,81.202,44.283,44.827,35.092,41.46,43.136,31.154,50.509,41.724,1.688,2.144,2.556,2.934,1.593,2.249,73.368,101.549,94.312,108.507,104.13,95.678,300.131,589.385,250.224,530.919,444.149,416.714
RAJ4546,52.903,94.651,84.524,97.799,81.933,44.283,44.827,32.342,44.358,43.614,17.679,53.241,36.415,0.83,2.045,2.488,3.021,2.628,2.258,68.766,104.293,101.443,113.857,109.004,99.328,195.215,452.239,217.209,507.248,709.862,410.147
RAJ4547,62.014,90.896,84.524,92.513,82.176,44.283,44.827,30.939,39.712,42.181,37.397,64.631,51.378,1.266,1.817,2.602,2.972,1.315,2.044,65.522,98.689,98.618,111.239,108.111,96.022,249.297,615.07,281.315,590.235,484.142,449.938
RAJ4548,61.958,93.508,89.833,99.153,86.55,44.283,44.827,35.641,46.531,44.57,51.802,46.836,50.122,2.145,2.054,2.363,2.79,2.381,2.38,72.447,109.782,93.519,111.182,110.629,99.136,195.215,376.572,202.714,532.103,646.977,386.319
RAJ4549,56.217,90.896,80.63,89.871,78.773,44.283,44.827,32.342,34.215,40.27,58.684,55.502,57.989,2.337,2.189,2.326,2.487,1.973,2.28,82.572,89.657,91.142,102.264,100.068,92.027,345.37,475.885,228.482,533.287,546.891,420.467
RAJ4550,61.186,105.916,97.181,107.488,93.115,44.283,44.827,29.593,42.184,42.897,46.567,62.095,55.335,2.118,1.938,2.438,2.357,1.783,2.149,77.049,105.208,92.727,107.615,102.505,96.254,291.468,499.531,226.067,542.755,509.692,409.209
RAJ4551,56.217,92.774,84.524,93.394,81.204,44.283,44.827,31.243,40.735,42.659,53.934,41.184,48.288,2.392,2.117,2.096,2.804,1.954,2.285,71.527,89.657,88.765,106.723,97.631,89.529,290.506,386.031,199.493,483.577,543.349,368.682
RAJ4552,62.843,94.651,78.683,94.275,82.419,44.283,44.827,36.191,42.909,43.136,47.052,65.675,57.41,2.228,1.623,2.781,2.761,2.068,2.363,65.084,103.379,90.35,104.939,101.693,92.027,399.271,471.156,267.134,590.098,564.606,460.806
RAJ4553,56.217,90.896,79.656,94.275,79.745,44.283,44.827,33.688,41.886,43.136,47.285,51.821,49.737,1.951,1.134,2.415,2.33,0.594,1.689,59.999,91.37,89.902,99.646,98.363,86.415,253.147,378.612,249.105,528.098,473.514,374.325
Raj4554,54.504,97.263,87.886,95.63,83.876,44.283,44.827,38.087,39.712,41.942,20.82,44.097,32.603,0.772,1.772,2.154,2.727,2.283,1.93,66.442,103.262,92.279,113.023,104.049,95.062,202.133,352.128,211.258,507.978,539.942,358.001
RVW4301,63.615,101.018,80.097,98.272,86.307,44.283,44.827,36.438,49.131,45.525,50.871,42.496,46.745,2.024,1.889,1.848,3.694,1.666,2.238,62.76,96.859,93.071,101.429,98.363,89.298,327.262,388.07,275.678,562.422,475.285,408.097
RVW4304,54.504,87.875,70.362,85.94,74.396,44.283,44.827,29.839,36.814,40.986,56.591,50.69,53.791,2.499,2.177,2.16,3.391,1.809,2.432,73.805,94.115,89.11,109.455,101.612,92.564,271.435,581.966,282.926,584.909,517.799,453.503
RVW4309,58.645,101.956,84.965,103.557,87.765,44.283,44.827,32.589,33.916,40.27,53.974,58.226,56.349,2.262,1.314,2.39,2.366,2.198,2.095,69.203,105.092,94.656,115.698,110.548,98.712,284.911,511.029,257.158,503.835,613.456,430.612
SKW356,61.13,101.018,88.86,106.2,89.953,44.283,44.827,34.788,44.784,44.331,21.305,45.039,33.327,0.955,1.754,2.434,1.976,1.277,1.663,71.965,104.177,95.448,109.455,105.674,96.791,194.433,288.758,190.322,407.375,390.257,275.446
TAW155,54.504,98.201,80.097,93.868,81.688,44.283,44.827,30.939,40.437,42.181,40.208,49.278,44.91,1.787,2.644,2.577,3.059,1.628,2.389,64.601,105.092,93.071,110.347,106.486,95.254,271.435,378.612,267.626,557.096,462,388.959
UAS3008,60.302,98.201,89.833,98.272,87.036,44.283,44.827,30.389,32.467,36.686,42.826,67.08,55.336,2.18,1.772,2.558,3.34,1.837,2.396,71.965,106.007,101.787,111.239,102.425,98.328,504.367,487.383,274.068,632.844,517.799,493.279
UAS3011,61.13,90.691,86.912,98.272,84.605,44.283,44.827,27.64,39.712,41.942,66.285,51.632,59.1,3.157,2.402,2.372,3.608,2.16,2.791,78.408,109.666,100.202,114.806,109.736,102.555,459.128,662.362,274.068,524.548,599.285,502.098
UAS3012,61.958,97.263,83.992,97.391,85.578,44.283,44.827,28.19,39.712,41.942,59.305,45.981,52.729,2.837,1.943,2.434,3.853,2.274,2.737,70.124,95.944,98.618,107.672,101.612,94.101,417.74,548.862,295.004,639.353,626.742,518.609
UAS3013,60.302,99.14,89.833,102.676,88.494,44.283,44.827,33.138,36.09,40.747,43.407,53.799,48.82,2.097,1.521,2.359,2.835,2.179,2.209,78.408,114.24,95.448,119.265,116.235,104.861,439.878,553.591,299.836,586.093,600.17,502.473
UAS3014,61.13,87.875,91.78,101.795,86.064,44.283,44.827,31.489,37.539,41.225,51.647,58.697,55.432,2.454,2.213,2.677,3.312,2.35,2.664,74.726,95.944,89.11,105.888,102.425,92.564,473.566,567.779,289.368,632.252,650.656,534.745
UP3033,58.645,88.814,83.018,93.868,81.202,44.283,44.827,30.389,44.059,43.614,61.632,53.987,57.99,2.408,1.916,2.365,2.149,1.638,2.077,74.726,103.262,97.033,109.455,99.988,96.214,477.416,388.07,277.289,526.323,496.542,430.8
UP3051,61.958,100.079,89.833,100.915,88.738,44.283,44.827,27.64,38.263,41.942,35.749,49.843,42.98,1.412,1.682,2.278,2.763,2.188,2.066,69.203,109.666,93.071,114.806,103.237,97.367,243.522,633.987,357.814,632.844,616.113,511.854
UP3052,61.186,104.039,89.392,97.799,88.01,44.283,44.827,31.243,40.735,42.897,58.006,46.176,52.873,1.908,1.668,2.525,2.804,1.356,2.109,66.925,100.634,95.896,118.317,104.942,96.83,254.892,508.989,251.029,593.057,466.292,416.526
UP3053,61.13,98.201,88.86,94.749,86.064,44.283,44.827,30.389,41.886,42.42,67.933,51.632,59.921,2.371,2.159,2.44,2.965,1.828,2.381,73.805,104.177,97.033,118.374,105.674,99.481,344.588,350.237,250.716,502.06,527.542,390.085
UP3054,61.958,97.263,84.965,93.868,84.848,44.283,44.827,32.039,43.335,43.136,46.315,62.936,54.95,2.244,2.123,2.689,3.239,1.761,2.478,75.646,91.37,95.448,102.321,96.738,91.219,418.702,525.216,281.315,610.356,529.314,481.084
UP3055,62.014,100.284,92.313,104.845,89.955,44.283,44.827,29.043,35.664,40.986,53.062,58.798,56.879,2.081,1.398,2.332,2.949,2.276,2.245,66.004,100.634,94.312,102.264,96.819,90.874,217.354,494.802,267.94,607.851,615.977,446.734
UP3056,62.014,100.284,89.392,102.203,88.496,44.283,44.827,29.043,37.113,41.703,61.689,64.638,64.167,2.383,1.821,2.569,2.465,1.944,2.274,63.243,102.464,96.689,108.507,101.693,93.756,237.567,428.593,263.108,593.057,549.549,417.652
UP3057,61.958,101.018,89.833,100.915,88.981,44.283,44.827,29.839,38.988,41.703,74.719,61.523,68.367,3.048,2.222,2.322,3.167,1.998,2.577,84.851,103.262,98.618,113.915,104.049,100.634,271.435,515.758,261.989,591.419,561.199,446.748
UP3058,62.787,101.956,84.965,98.272,87.522,44.283,44.827,31.489,39.712,42.42,32.453,49.748,41.291,1.302,2.06,2.247,3.636,1.932,2.282,83.01,118.814,99.41,129.967,117.859,110.433,225.234,454.279,249.105,554.137,580.685,414.852
UP3059,61.13,101.018,92.754,101.795,89.71,44.283,44.827,29.839,38.263,41.464,58.53,40.612,49.592,2.353,1.979,2.284,3.333,2.074,2.436,78.408,104.177,95.448,115.698,108.111,100.057,319.562,529.945,305.472,575.441,576.256,467.199
UP3060,61.958,103.834,84.965,95.63,87.036,44.283,44.827,28.19,41.161,42.897,53.004,57.284,55.384,1.96,2.15,2.521,2.662,10.361,3.876,72.885,105.092,98.618,113.915,108.111,99.481,259.885,515.758,288.562,570.115,582.456,448.437
UP3061,62.843,93.713,89.392,96.037,85.336,44.283,44.827,27.394,42.184,43.136,28.245,62.378,46.357,1.305,1.299,2.743,2.855,2.675,2.244,67.845,106.123,98.273,114.749,112.254,99.713,253.93,485.343,282.434,574.12,653.177,452.551
UP3062,61.13,103.834,91.78,100.915,89.953,44.283,44.827,31.489,37.539,41.464,53.586,52.386,53.164,2.572,2.438,2.284,3.254,1.809,2.501,78.408,109.666,95.448,124.616,108.923,103.324,448.541,534.674,265.21,538.159,514.257,458.944
UP3064,63.615,101.018,90.807,104.438,90.682,44.283,44.827,30.389,36.814,41.703,19.948,60.298,40.47,0.745,1.862,2.44,2.647,1.628,1.881,72.885,91.37,97.033,106.78,104.862,93.909,233.897,364.424,241.053,528.098,484.142,368.133
UP3065,59.53,93.713,88.419,98.679,84.85,44.283,44.827,27.394,39.286,42.181,50.735,59.081,55.866,2.538,2.315,2.843,3.44,2.324,2.802,72.447,96.975,95.896,105.831,101.693,93.756,536.913,565.739,323.502,646.909,623.062,549.928
UP3069,56.989,101.956,83.018,94.749,84.362,44.283,44.827,30.939,44.059,43.375,20.529,42.119,31.445,1.037,1.458,2.316,2.46,1.325,1.716,71.044,103.262,93.864,106.78,100.8,94.293,194.433,482.654,192.738,615.682,398.229,382.205
VL2039,54.504,83.181,71.335,83.298,72.694,44.283,44.827,36.987,52.029,46.481,40.887,55.683,48.53,1.96,2.204,2.689,3.615,2.492,2.672,72.885,105.092,100.202,116.59,117.047,102.555,217.534,591.425,232.195,609.764,694.056,478.269
VL2040,62.787,100.079,87.886,98.272,87.765,44.283,44.827,27.09,41.886,42.897,15.489,61.429,38.829,0.59,1.664,2.509,2.915,1.41,1.855,71.044,98.689,87.525,103.213,103.237,91.603,179.995,402.258,192.738,526.915,429.228,341.865
VL2041,68.585,115.099,98.595,114.127,100.405,44.283,44.827,34.238,38.263,41.703,35.264,59.639,47.758,1.174,1.97,2.266,2.416,9.298,3.345,77.487,118.814,100.202,126.4,112.173,107.358,184.808,411.716,185.49,455.901,405.314,315.41
VL2042,57.817,99.14,87.886,97.391,85.821,44.283,44.827,25.99,40.437,42.181,21.693,49.278,35.692,0.955,2.15,2.608,3.124,1.771,2.176,82.089,114.24,103.372,123.725,117.047,108.703,530.355,600.883,301.446,663.025,519.571,537.184
VL3022,66.1,100.079,87.886,96.51,88.251,44.283,44.827,27.09,43.335,43.853,15.295,53.234,34.534,0.617,2.069,2.359,2.64,1.828,1.91,78.408,114.24,97.033,119.265,108.111,103.324,290.686,525.216,240.247,644.088,519.571,455.191
VL3023,54.504,88.814,78.15,92.106,78.285,44.283,44.827,30.939,44.784,44.092,34.683,60.11,47.71,1.64,2.006,2.552,2.987,2.15,2.305,63.681,90.456,93.864,102.321,96.738,88.145,341.7,421.174,265.21,618.049,597.513,458.569
VL3024,60.358,102.161,88.419,99.56,87.524,44.283,44.827,32.342,40.735,42.42,35.516,27.055,31.878,1.387,2.27,1.647,2.638,2.181,1.988,71.527,96.061,85.596,99.588,93.57,87.608,194.253,258.343,173.725,526.185,585.863,341.101
VL892,55.332,97.263,75.23,89.464,79.257,44.283,44.827,34.788,46.233,44.092,60.275,59.733,60.259,2.152,1.97,2.309,2.734,2.084,2.253,72.885,111.495,96.241,109.455,104.049,98.328,269.51,435.362,249.105,521.589,578.913,409.035
WH1021,56.161,95.385,85.939,93.868,82.904,44.283,44.827,29.289,41.886,42.659,51.647,45.604,48.723,2.152,1.763,2.453,2.705,2.53,2.331,70.124,105.092,98.618,113.915,106.486,98.52,272.398,468.466,245.884,535.2,609.913,426.297
WH1105,59.474,95.385,86.912,95.63,84.605,44.283,44.827,28.19,41.161,42.42,78.111,59.451,68.995,2.691,2.824,2.577,3.362,2.008,2.753,63.681,98.689,91.487,101.429,102.425,90.45,285.873,529.945,258.768,556.504,574.485,443.371
WH1124,57.736,93.06,83.88,92.009,81.54,44.254,44.942,31.595,43.235,43.646,40.301,50.237,45.875,1.853,1.781,2.113,2.697,2.019,2.095,72.595,100.466,95.646,107.553,99.806,94.597,293.115,453.219,258.114,539.955,510.439,409.141
WH1142,57.966,97.151,87.638,97.551,85.052,46.214,44.601,31.595,40.528,43.236,58.461,58.181,59.132,2.048,1.914,2.529,3.08,2.041,2.377,73.26,105.35,97.051,114.958,108.913,100.061,294.613,458.431,258.114,548.118,538.34,418.77
WH1252,60.302,97.263,83.992,95.63,84.605,44.283,44.827,28.74,41.886,43.136,36.04,53.987,45.248,1.321,1.916,2.826,3.016,2.017,2.285,61.84,95.944,97.825,104.996,102.425,91.795,288.761,534.674,297.42,557.096,562.085,451.439
WH1264,60.302,89.753,84.965,91.225,81.688,44.283,44.827,32.589,45.508,44.092,48.351,54.835,51.812,2.244,1.952,2.565,2.705,1.837,2.287,74.726,101.433,104.957,121.049,112.173,103.131,218.496,373.883,261.184,557.096,520.457,388.584
WH1270,58.645,92.569,84.965,92.987,82.417,44.283,44.827,28.19,43.335,43.853,52.326,46.452,49.496,2.819,1.673,2.446,3.124,1.505,2.352,77.487,105.092,96.241,111.239,100.8,97.559,481.267,525.216,290.173,604.438,523.999,492.341
WH1271,61.13,100.079,88.86,100.915,88.251,44.283,44.827,32.039,38.263,41.464,55.718,57.284,56.735,2.408,2.285,2.627,3.333,2.027,2.599,69.203,101.433,95.448,109.455,102.425,94.87,256.998,638.716,268.431,567.748,582.456,466.824
WH1272,63.671,101.223,90.366,101.322,89.225,44.283,44.827,31.243,37.113,41.703,21.46,44.858,34.002,0.647,1.884,2.32,2.696,1.508,1.845,67.845,102.464,88.765,104.939,97.631,91.066,230.829,570.468,306.592,579.446,528.292,445.796
WH1273,61.13,103.834,91.78,98.272,89.224,44.283,44.827,35.888,40.437,42.181,57.269,62.465,60.162,2.253,2.069,2.571,2.712,1.998,2.347,63.681,97.774,90.694,106.78,99.988,90.642,247.372,501.57,254.742,615.09,563.856,445.622
WH1274,56.989,91.63,84.965,94.749,82.174,44.283,44.827,30.389,41.886,43.136,55.525,47.865,51.812,2.216,1.727,2.683,2.741,1.638,2.242,70.124,101.433,103.372,107.672,107.299,97.752,319.562,553.591,242.663,654.148,485.914,463.072
WH1275,60.302,95.385,84.965,92.106,83.39,44.283,44.827,28.74,43.335,43.614,50.581,33.735,42.111,1.96,1.799,2.048,2.77,1.951,2.088,62.76,101.433,83.563,105.888,95.114,88.145,252.185,433.47,244.274,549.403,552.342,407.347
WH1276,61.13,95.385,84.965,95.63,84.605,44.283,44.827,35.888,41.161,42.897,65.315,63.124,64.506,3.075,2.348,3.069,3.55,2.122,2.946,71.965,108.751,95.448,114.806,108.111,99.481,569.819,534.674,282.926,608.581,588.656,524.801
WH1277,62.843,96.529,82.577,99.56,85.336,44.283,44.827,36.191,38.562,42.181,45.597,58.987,53.259,2.237,1.785,2.65,3.317,2.552,2.592,77.049,107.953,91.935,111.182,110.629,99.328,410.822,551.552,267.134,590.689,692.148,506.212
WH1278,59.53,92.774,78.683,93.394,80.717,44.283,44.827,35.641,43.633,43.853,39.006,47.307,43.993,1.889,1.731,2.656,2.869,1.783,2.255,68.766,105.208,94.312,106.723,101.693,94.525,237.567,461.697,246.198,469.374,497.292,369.995
WH1279,63.671,101.223,89.392,96.037,87.524,44.283,44.827,31.243,41.46,43.136,39.975,44.01,42.786,1.716,1.542,2.289,2.956,1.982,2.135,68.766,109.782,94.312,110.29,109.004,97.983,321.307,485.343,279.213,582.404,546.891,445.046
WH1280,60.358,97.468,89.392,96.037,85.579,44.283,44.827,32.342,41.46,42.42,42.302,45.894,44.91,1.789,1.911,2.382,3.339,1.897,2.331,64.163,98.805,99.858,110.29,100.881,94.141,260.667,404.947,251.835,564.651,522.977,400.203
WH1281,62.014,101.223,93.286,102.203,89.711,44.283,44.827,31.243,37.113,41.464,49.669,66.24,59.003,2.191,2.846,2.793,3.938,2.134,2.915,86.254,109.782,100.65,121.884,109.004,105.669,444.51,513.718,263.913,552.815,592.948,471.501
WH1283,59.53,92.774,85.498,95.156,82.905,44.283,44.827,28.493,42.184,44.092,50.929,58.327,55.576,2.748,1.407,2.519,2.992,2.001,2.392,68.766,105.208,106.989,106.723,108.192,99.136,291.468,537.364,265.524,611.994,572.577,461.181
WH1284,58.701,89.958,84.524,91.633,80.717,44.283,44.827,30.143,45.082,44.331,58.2,52.016,55.962,2.785,1.713,2.345,2.739,2.096,2.365,77.97,105.208,104.612,117.425,110.629,103.363,594.665,537.364,266.329,614.361,573.463,521.409
